0,1,2,3,4,5,6,7,8,9,10,11,12,13,14,15,16,17,18,19,20,21,22,23,24,25,26,27,28,29,30,31,32,33,34,35,36,37,38,39,40,41,42,43,44,45,46,47,48,49,50,51,52,53,54,55,56,57,58,59,60,61,62,63,64,65,66,67,68,69,70,71,72,73,74,75,76,77,78,79,80,81,82,83,84,85,86,87,88,89,90,91,92,93,94,95,96,97,98,99,100,101,102,103,104,105,106,107,108,109,110,111,112,113,114,115,116,117,118,119,120,121,122,123,124,125,126,127,128,129,130,131,132,133,134,135,136,137,138,139,140,141,142,143,144,145,146,147,148,149,150,151,152,153,154,155,156,157,158,159,160,161,162,163,164,165,166,167,168,169,170,171,172,173,174,175,176,177,178,179,180,181,182,183,184,185,186,187,188,189
,_id,_index,_score,_source.additional_rooms,_source.amenities.ac,_source.amenities.assigned_user_name,_source.amenities.beds,_source.amenities.cctv,_source.amenities.cooking_range,_source.amenities.cooking_range1,_source.amenities.created_by_name,_source.amenities.cupboard,_source.amenities.curtains,_source.amenities.date_entered,_source.amenities.date_modified,_source.amenities.deleted,_source.amenities.description,_source.amenities.dining_table,_source.amenities.dishwasher,_source.amenities.fridge,_source.amenities.gas_pipeline,_source.amenities.gas_stove,_source.amenities.geyser,_source.amenities.gym,_source.amenities.id,_source.amenities.inverter,_source.amenities.landmark_near_property,_source.amenities.lawn_garden,_source.amenities.lift,_source.amenities.maintenance,_source.amenities.microwave,_source.amenities.modified_by_name,_source.amenities.modular_kitchen,_source.amenities.name,_source.amenities.nearest_airport,_source.amenities.nearest_atm,_source.amenities.nearest_dept_store_groceries,_source.amenities.nearest_dine_outs,_source.amenities.nearest_hospitals,_source.amenities.nearest_markets,_source.amenities.nearest_metro,_source.amenities.nearest_movie_theatres,_source.amenities.nearest_pharmacies,_source.amenities.nearest_schools,_source.amenities.nearest_shopping_malls,_source.amenities.parking,_source.amenities.parking_description,_source.amenities.pet_friendly,_source.amenities.playground,_source.amenities.power_backup,_source.amenities.property_furnished,_source.amenities.security_guard,_source.amenities.security_guard_available_time,_source.amenities.sofa,_source.amenities.swimming_pool,_source.amenities.total_acs,_source.amenities.total_beds,_source.amenities.total_cupboards,_source.amenities.total_curtains,_source.amenities.total_dining_tables,_source.amenities.total_dishwashers,_source.amenities.total_fridges,_source.amenities.total_gas_stoves,_source.amenities.total_geysers,_source.amenities.total_inverters,_source.amenities.total_lifts,_source.amenities.total_microwaves,_source.amenities.total_sofas,_source.amenities.total_tvs,_source.amenities.total_washing_machines,_source.amenities.total_water_purifiers,_source.amenities.total_wifi,_source.amenities.tv,_source.amenities.washing_machine,_source.amenities.water_purifier,_source.amenities.wifi,_source.amenities_status,_source.assigned_user_name,_source.available_from_date,_source.availabllity,_source.backend_status,_source.city,_source.content_team_status,_source.covered_area,_source.created_by_name,_source.currency_type,_source.data_uploaded,_source.date_entered,_source.date_modified,_source.deleted,_source.description,_source.documents.assigned_user_name,_source.documents.created_by_name,_source.documents.date_entered,_source.documents.date_modified,_source.documents.deleted,_source.documents.description,_source.documents.document_001,_source.documents.document_002,_source.documents.document_003,_source.documents.document_004,_source.documents.document_005,_source.documents.document_006,_source.documents.document_007,_source.documents.document_008,_source.documents.document_009,_source.documents.document_010,_source.documents.id,_source.documents.modified_by_name,_source.documents.name,_source.documents.photo_001,_source.documents.photo_002,_source.documents.photo_003,_source.documents.photo_004,_source.documents.photo_005,_source.documents.photo_006,_source.documents.photo_007,_source.documents.photo_008,_source.documents.photo_009,_source.documents.photo_010,_source.documents.photo_011,_source.documents.photo_012,_source.documents.photo_013,_source.documents.photo_014,_source.documents.photo_015,_source.documents.photo_016,_source.documents.photo_017,_source.documents.photo_018,_source.documents.photo_019,_source.documents.photo_020,_source.documents.photo_021,_source.documents.photo_022,_source.documents.photo_023,_source.documents.photo_024,_source.documents.photo_025,_source.documents.photo_026,_source.documents.photo_027,_source.documents.photo_028,_source.documents.photo_029,_source.documents.photo_030,_source.documents_status,_source.first_name,_source.floor,_source.flooring_type,_source.id,_source.last_name,_source.lease_duration_expected,_source.lease_subtype_expected1,_source.lease_type_expected,_source.locality,_source.location.lat,_source.location.lon,_source.lock_in_period,_source.maintenance_charges,_source.modified_by_name,_source.name,_source.no_of_balconies,_source.no_of_bathrooms,_source.owner_verified,_source.periodicity_maintenance_bill,_source.pin_code,_source.plot_area,_source.posted_on,_source.proof_of_ownership_of_rental_p,_source.property_address,_source.property_facing,_source.property_title,_source.property_type,_source.property_verified,_source.property_word_decription,_source.record_creation_type,_source.rejection_comments,_source.remarks,_source.rent_expected,_source.security_deposit,_source.send_email,_source.servant_room,_source.servant_room_with_toilet,_source.state,_source.status,_source.suitable_day,_source.suitable_time_to_call,_source.total_floors,_source.type_of_accomodation,_source.unit_of_measure,_source.unit_of_measure1,_source.year_of_construction,_source.year_of_construction1,_type
0.0,1b4d7262-d47f-963e-340b-564f129ef0fc,propertydata,1.0,Yes,1.0,,0.0,0,,0.0,Red Girraffe,1.0,0.0,2015-11-20 12:29:01,2015-12-10 06:45:14,0,,0.0,1.0,0.0,1.0,1.0,1.0,1.0,71d50227-ad7c-c02a-d7f4-564f12ead694,0.0,Back Side Star Mall,1,1.0,1.0,1.0,Administrator,0,RG-0000000121,,,,,,,,,,,,1.0,^reserved^,0,1.0,1.0,,1.0,24,0.0,1.0,5.0,0.0,0.0,0.0,0.0,1.0,0.0,1.0,7.0,0.0,0.0,1.0,0.0,0.0,0.0,1.0,1.0,0.0,0.0,1.0,1.0,pending,,2015-11-22,9:00 to 15:00,pending,Gurgaon,pending,6900.0,,INR,,2015-11-20 12:28:58,2016-02-01 08:28:29,0.0,"Recently constructed 5BHK, Pent house on 12th and 13th floor (duplex) is available for rent in Sector-30, Gurgaon. There are 6 attached bathrooms and 7 balconies with separate study room, puja room, store room and servants quarters with attached bathrooms. Semi furnished property with tiles and wooden flooring, equipped with amenities such as ACs, microwave, wi-fi, cupboards, geysers etc. It also comes with independent lift and reserved parking area, 24 hours security, power and water backup. Swimming pool, gym and playground are few of luxurious amenities available in this ready to move in pent house.",,Red Girraffe,2015-11-20 12:29:01,2015-12-10 06:39:36,0,,,,,,,,,,,,2c28acf4-6ea7-1820-019a-564f12fd7b9c,Red Girraffe,RG-0000000121,https://storage.googleapis.com/rglistcdn/RG0000000112/RG0000000112 -10 Bed Room -2.jpg,https://storage.googleapis.com/rglistcdn/RG0000000112/RG0000000112 -11  Entrance Bed Room-3.jpg,https://storage.googleapis.com/rglistcdn/RG0000000112/RG0000000112 -12 Bed Room- 3.jpg,https://storage.googleapis.com/rglistcdn/RG0000000112/RG0000000112 -13 Bed Room -4.jpg,https://storage.googleapis.com/rglistcdn/RG0000000112/RG0000000112 -14 Bed Room -5.jpg,https://storage.googleapis.com/rglistcdn/RG0000000112/RG0000000112 -15 Bed Room -5.jpg,https://storage.googleapis.com/rglistcdn/RG0000000112/RG0000000112 -16 Kitchen.jpg,https://storage.googleapis.com/rglistcdn/RG0000000112/RG0000000112 -17 Kitchen out side space.jpg,https://storage.googleapis.com/rglistcdn/RG0000000112/RG0000000112 -18 Kitchen store.jpg,https://storage.googleapis.com/rglistcdn/RG0000000112/RG0000000112 -19  Space Before Bath Room -1.jpg,https://storage.googleapis.com/rglistcdn/RG0000000112/RG0000000112 -2 Tower View.jpg,https://storage.googleapis.com/rglistcdn/RG0000000112/RG0000000112 -20 Bath Room -1.jpg,https://storage.googleapis.com/rglistcdn/RG0000000112/RG0000000112 -21 Bath Room-4.jpg,https://storage.googleapis.com/rglistcdn/RG0000000112/RG0000000112 -22 BathRoom-5.jpg,https://storage.googleapis.com/rglistcdn/RG0000000112/RG0000000112 -23 Balcony.jpg,https://storage.googleapis.com/rglistcdn/RG0000000112/RG0000000112 -24 Balcony.jpg,https://storage.googleapis.com/rglistcdn/RG0000000112/RG0000000112 -25 Balcony.jpg,https://storage.googleapis.com/rglistcdn/RG0000000112/RG0000000112 -26 Balcony.jpg,https://storage.googleapis.com/rglistcdn/RG0000000112/RG0000000112 -28 Balcony.jpg,https://storage.googleapis.com/rglistcdn/RG0000000112/RG0000000112 -29 Balcony.jpg,https://storage.googleapis.com/rglistcdn/RG0000000112/RG0000000112 -3 Tower Ground Lobby.jpg,"https://storage.googleapis.com/rglistcdn/RG0000000112/RG0000000112 -30, 4 Additional Room.jpg",https://storage.googleapis.com/rglistcdn/RG0000000112/RG0000000112 -31 Balcony.jpg,https://storage.googleapis.com/rglistcdn/RG0000000112/RG0000000112 -32 Lift Lobby.jpg,https://storage.googleapis.com/rglistcdn/RG0000000112/RG0000000112 -4 Floor Entrance.jpg,https://storage.googleapis.com/rglistcdn/RG0000000112/RG0000000112 -5 Drawing Room side view.jpg,https://storage.googleapis.com/rglistcdn/RG0000000112/RG0000000112 -6 Drawing Room cum Dinging Area.jpg,https://storage.googleapis.com/rglistcdn/RG0000000112/RG0000000112 -7 Drawing Entrance side.jpg,https://storage.googleapis.com/rglistcdn/RG0000000112/RG0000000112 -8 Bed Room -1.jpg,https://storage.googleapis.com/rglistcdn/RG0000000112/RG0000000112 -9 Bed Room -2.jpg,pending,,Duplex,"^wooden^,^tiles^",1b4d7262-d47f-963e-340b-564f129ef0fc,,24.0,^^,^any^,"Sector-30, Gurgaon",28.460584,77.057885,12.0,20000.0,,RG-0000000121,7.0,6.0,0,monthly,122001,7500.0,2016-02-1,yes,,,"Spacious 5BHK 7500sq feet, 12th and 13th floor (duplex) Pent house in Sector-30, Gurgaon is available for rent.",multistory_apartment,0,,,,"The details of the property are as follows:
 Unitech World Spa, Penthouse for lease, 7500 sq ft, 5 Bed Room, North facing, Dupleix apartment on the 12th & 13th floor, with independent lift access on the 12th floor
  Built in Modular Stainless Steel kitchen. Separate Study rooms, Puja room & store rooms, 2 Quarters for Service Staff with attached Bathrooms. 24 hour security, Power / generator & Water back up.
 • State-of-the-art health club featuring reception / waiting areas, fully equipped exercise
 areas, fitness rooms, massage room, steam room, change rooms, lockers
 • Club with a Swimming pool , Indoor lap pool , Kid’s Splash pool , Spa Facilities , Jacuzzi , Steam room
 • Video enterphone system allows identification / screening of guests
 Restricted floor access
 • Basement parking for 2 Cars
 • Elevators (exclusive access to the 12th floor for Tower A5)
 • Two passengers and one service high performance elevator system
 Well connected with National Highway -8 Expressway.",200000.0,400000.0,,1,1,,approved,Any,,13,5bhk,sqft,sqft,,0_2,listings
0.0,934b1bdd-25cc-75f6-0134-56702c80c7e3,propertydata,1.0,Yes,1.0,,0.0,0,,0.0,Red Girraffe,1.0,0.0,2015-12-15 15:05:14,2015-12-21 09:05:58,0,,0.0,1.0,1.0,1.0,1.0,1.0,0.0,eb1523d1-5e2d-73a9-80dd-56702cb058a6,1.0,,0,0.0,1.0,1.0,Administrator,0,RG-0000000465,,,,,,,,,,,,1.0,"^reserved^,^open^",0,0.0,1.0,,1.0,24,0.0,0.0,13.0,0.0,0.0,0.0,0.0,1.0,1.0,1.0,7.0,1.0,0.0,1.0,0.0,0.0,1.0,1.0,0.0,0.0,1.0,1.0,0.0,pending,,2015-12-17,09:00 - 19:00,pending,New Delhi,pending,9000.0,,INR,,2015-12-15 15:05:14,2016-02-01 08:29:46,0.0,"Well Mainted, first floor second floor (duplex) with terrace, 4 bedroom builder flat with 6 bathrooms and 2 balconies is available for rent in Green Park (Main). This semi furnished property includes cupboards, ACs, fridge, inverter, microwave, dishwasher, water purifier, gas stove,  geysers, 24 hr security, power backup and open parking space. It comes with a servants room with attached bathroom.",,Red Girraffe,2015-12-15 15:05:14,2015-12-28 06:18:49,0,,,,,,,,,,,,c066d2ed-9219-843a-a852-56702cb8d72d,Red Girraffe,RG-0000000465,https://storage.googleapis.com/rglistcdn/17Dec2015/RG0000000465/RG0000000465- 1 Floor Entrance.jpg,https://storage.googleapis.com/rglistcdn/17Dec2015/RG0000000465/RG0000000465- 10 Bathroom-1.jpg,https://storage.googleapis.com/rglistcdn/17Dec2015/RG0000000465/RG0000000465- 11 Bathroom-2.jpg,https://storage.googleapis.com/rglistcdn/17Dec2015/RG0000000465/RG0000000465- 12 Bathroom-2.jpg,https://storage.googleapis.com/rglistcdn/17Dec2015/RG0000000465/RG0000000465- 13 Passage-2.jpg,https://storage.googleapis.com/rglistcdn/17Dec2015/RG0000000465/RG0000000465- 14 Bedroom-2.jpg,https://storage.googleapis.com/rglistcdn/17Dec2015/RG0000000465/RG0000000465- 15 Bedroom-2.jpg,https://storage.googleapis.com/rglistcdn/17Dec2015/RG0000000465/RG0000000465- 16 Bedroom-3.jpg,https://storage.googleapis.com/rglistcdn/17Dec2015/RG0000000465/RG0000000465- 17 Passage-3.jpg,https://storage.googleapis.com/rglistcdn/17Dec2015/RG0000000465/RG0000000465- 18 Sitting Area.jpg,https://storage.googleapis.com/rglistcdn/17Dec2015/RG0000000465/RG0000000465- 19 Bedroom-4.jpg,https://storage.googleapis.com/rglistcdn/17Dec2015/RG0000000465/RG0000000465- 2 Drawing Room.jpg,https://storage.googleapis.com/rglistcdn/17Dec2015/RG0000000465/RG0000000465- 20 Bedroom-4.jpg,https://storage.googleapis.com/rglistcdn/17Dec2015/RG0000000465/RG0000000465- 21 Loby.jpg,https://storage.googleapis.com/rglistcdn/17Dec2015/RG0000000465/RG0000000465- 22 Bathroom-3.jpg,https://storage.googleapis.com/rglistcdn/17Dec2015/RG0000000465/RG0000000465- 23 Bathroom-4.jpg,https://storage.googleapis.com/rglistcdn/17Dec2015/RG0000000465/RG0000000465- 24 Bathroom-5.jpg,https://storage.googleapis.com/rglistcdn/17Dec2015/RG0000000465/RG0000000465- 25 Bathroom-6.jpg,https://storage.googleapis.com/rglistcdn/17Dec2015/RG0000000465/RG0000000465- 26 Terrace.jpg,https://storage.googleapis.com/rglistcdn/17Dec2015/RG0000000465/RG0000000465- 3 Drawing Room.jpg,https://storage.googleapis.com/rglistcdn/17Dec2015/RG0000000465/RG0000000465- 4 Kitchen.jpg,https://storage.googleapis.com/rglistcdn/17Dec2015/RG0000000465/RG0000000465- 5 Kitchen.jpg,https://storage.googleapis.com/rglistcdn/17Dec2015/RG0000000465/RG0000000465- 6 Loby.jpg,https://storage.googleapis.com/rglistcdn/17Dec2015/RG0000000465/RG0000000465- 7 Passage-1.jpg,https://storage.googleapis.com/rglistcdn/17Dec2015/RG0000000465/RG0000000465- 8 Bedroom-1.jpg,https://storage.googleapis.com/rglistcdn/17Dec2015/RG0000000465/RG0000000465- 9 Bedroom-1.jpg,,,,,pending,,Duplex,"^marble^,^wooden^",934b1bdd-25cc-75f6-0134-56702c80c7e3,,24.0,^^,"^company_lease^,^embassy_lease^",Green Park,28.553594,77.203096,12.0,10000.0,,RG-0000000465,2.0,6.0,0,monthly,11016,1000.0,2016-02-1,no,,,"Well Maintained, 4BHK, 9000 Sq.Ft, First Floor+Second Floor (Duplex), Builder Flat, Available for Rent in Green Park (Main).",builder_floor,0,,,,"1)4 Bedrooms with 4 Attached Bathrooms And 2 Bathrooms Extra
  2) semi Furnished Property with well maintain terrace",450000.0,900000.0,,1,1,,approved,Any,,2,4bhk,sqft,sqft,,5_10,listings
0.0,87c93626-f007-a210-21f3-5672bbf10597,propertydata,1.0,No,1.0,,1.0,0,,0.0,Red Girraffe,1.0,1.0,2015-12-17 13:40:35,2015-12-21 11:16:27,0,,1.0,1.0,1.0,1.0,1.0,1.0,0.0,d698deb3-ce9b-bcc6-09c0-5672bb63cfa7,1.0,,0,0.0,0.0,1.0,Administrator,0,RG-0000000491,,,,,,,,,,,,1.0,^open^,0,0.0,0.0,,0.0,,1.0,0.0,6.0,4.0,0.0,0.0,0.0,1.0,1.0,1.0,5.0,1.0,0.0,2.0,0.0,1.0,1.0,1.0,0.0,1.0,1.0,1.0,0.0,pending,,2015-12-18,10:00 to 17:00,pending,New Delhi,pending,2100.0,,INR,,2015-12-17 13:40:35,2016-02-01 08:29:35,0.0,"Well Mainted, second floor, 4 bedroom builder flat with 4 bathrooms and 2 balconies is available for rent in Kalkaji. This fully furnished property includes cupboards, beds, TV, fridge, ACs, sofa, dining table, microwave, water purifier, gas stove, geyser, gas pipeline and open parking space. It comes with a servants room with attached bathroom.",,Red Girraffe,2015-12-17 13:40:35,2015-12-28 06:18:58,0,,,,,,,,,,,,affc55ee-9ba0-c125-634c-5672bbe47109,Red Girraffe,RG-0000000491,https://storage.googleapis.com/rglistcdn/18Dec2015/RG0000000491/RG0000000491- 1 Sitting Hall.jpg,https://storage.googleapis.com/rglistcdn/18Dec2015/RG0000000491/RG0000000491- 10 Bath room 2.jpg,https://storage.googleapis.com/rglistcdn/18Dec2015/RG0000000491/RG0000000491- 11 Bath room 3.jpg,https://storage.googleapis.com/rglistcdn/18Dec2015/RG0000000491/RG0000000491- 12 Bath room 4.jpg,https://storage.googleapis.com/rglistcdn/18Dec2015/RG0000000491/RG0000000491- 13 Kitchen 1.jpg,https://storage.googleapis.com/rglistcdn/18Dec2015/RG0000000491/RG0000000491- 14 Kitchen 1.jpg,https://storage.googleapis.com/rglistcdn/18Dec2015/RG0000000491/RG0000000491- 2 Drawing cum Dinning area 1.jpg,https://storage.googleapis.com/rglistcdn/18Dec2015/RG0000000491/RG0000000491- 3 Drawing cum Dinning area 1.jpg,https://storage.googleapis.com/rglistcdn/18Dec2015/RG0000000491/RG0000000491- 4 Bed room 1.jpg,https://storage.googleapis.com/rglistcdn/18Dec2015/RG0000000491/RG0000000491- 5 Bed room 2.jpg,https://storage.googleapis.com/rglistcdn/18Dec2015/RG0000000491/RG0000000491- 6 Bed room 2.jpg,https://storage.googleapis.com/rglistcdn/18Dec2015/RG0000000491/RG0000000491- 7 Bed room 3.jpg,https://storage.googleapis.com/rglistcdn/18Dec2015/RG0000000491/RG0000000491- 8 Bed room 4.jpg,https://storage.googleapis.com/rglistcdn/18Dec2015/RG0000000491/RG0000000491- 9 Bath room 1.jpg,,,,,,,,,,,,,,,,,pending,,2nd,^marble^,87c93626-f007-a210-21f3-5672bbf10597,,24.0,^^,^any^,Kalkaji,28.545795,77.253428,12.0,0.0,,RG-0000000491,2.0,4.0,0,,110014,2700.0,2016-02-1,no,,,"Well Maintained, 4BHK, 2100 Sq.Ft, Second Floor, Builder Flat, Available for Rent in Kalkaji.",builder_floor,0,,,,"1) 4 Bed Rooms with attach
    4 Bath Rooms 
2) FURNISHED PROPERTY",70000.0,140000.0,,1,1,,approved,Any,,3,4bhk,sqft,sqft,,10_,listings
0.0,c99a34bf-d69a-fb51-4719-567a8c4f20ab,propertydata,1.0,No,0.0,,0.0,0,,0.0,Red Girraffe,1.0,0.0,2015-12-23 12:00:34,2015-12-31 10:33:01,0,,0.0,0.0,0.0,0.0,1.0,1.0,0.0,cda205ad-bcf6-c4bf-9745-567a8c20829d,0.0,,0,0.0,0.0,0.0,Red Girraffe,0,RG-0000000591,,,,,,,,,,,,1.0,^open^,0,0.0,0.0,,0.0,,0.0,0.0,0.0,0.0,0.0,0.0,0.0,0.0,0.0,1.0,1.0,0.0,0.0,0.0,0.0,0.0,0.0,0.0,0.0,0.0,0.0,0.0,0.0,pending,,2015-12-23,(Between 09:00 to 19:00),pending,New Delhi,pending,900.0,,INR,,2015-12-23 12:00:33,2016-02-01 08:30:21,0.0,"Third floor, 2 bedroom builder flat with 1 bathroom and 1 balcony is available for rent in Lajpat Nagar-4. This unfurnished property includes cupboards, gas stove, geysers and open parking space.",,Red Girraffe,2015-12-23 12:00:33,2016-01-07 19:00:05,0,,,,,,,,,,,,e774543e-1311-ab4e-2759-567a8cc0baa0,Red Girraffe,RG-0000000591,https://storage.googleapis.com/rglistcdn/23Dec2015/RG0000000591/RG0000000591-1 Bedroom-1.jpg,https://storage.googleapis.com/rglistcdn/23Dec2015/RG0000000591/RG0000000591-2 Bedroom-1.jpg,https://storage.googleapis.com/rglistcdn/23Dec2015/RG0000000591/RG0000000591-3 Bedroom-2.jpg,https://storage.googleapis.com/rglistcdn/23Dec2015/RG0000000591/RG0000000591-4 Bathroom.jpg,,,,,,,,,,,,,,,,,,,,,,,,,,,pending,,3rd,^marble^,c99a34bf-d69a-fb51-4719-567a8c4f20ab,,12.0,^^,^any^,Lajpat Nagar 4,28.564418,77.248992,12.0,0.0,,RG-0000000591,1.0,1.0,0,,110024,1125.0,2016-02-1,,,,"Well Maintained, 2BHK, 900 Sq.Ft, Third Floor, Builder Flat, Available for Rent in Lajpat Nagar-4",builder_floor,0,,,,1)2 Bedrooms with 1 Bathroom,12000.0,24000.0,,0,0,,approved,Any,,3,2bhk,sqft,sqft,,10_,listings
0.0,31c8d0a3-71fe-2216-91eb-56740c18021b,propertydata,1.0,No,0.0,,0.0,0,,0.0,Red Girraffe,1.0,0.0,18/12/2015 19:09,19/12/2015 14:44,0,,0.0,0.0,0.0,0.0,0.0,1.0,0.0,612cd3b6-68ba-effe-7911-56740ce55740,0.0,,0,0.0,0.0,0.0,Administrator,0,RG-0000000501,,,,,,,,,,,,1.0,^open^,0,0.0,0.0,,0.0,,0.0,0.0,0.0,0.0,0.0,0.0,0.0,0.0,0.0,0.0,1.0,0.0,0.0,0.0,0.0,0.0,0.0,0.0,0.0,0.0,0.0,0.0,0.0,pending,,2016-01-01,10:00 to 17:00,pending,New Delhi,pending,575.0,,INR,,2015-12-18 13:39:18,2016-02-02 16:16:56,0.0,A 1BHK 575 sq ft builder flat with 1 attached bathroom and 2 balconies is available for rent in Lajpat Nagar.The builder flat includes geysers & ample parking.,,Red Girraffe,18/12/2015 19:09,02/02/2016 21:46,0,,https://redgirraffe.com:8443/cache/memcache_get_documents/31c8d0a3-71fe-2216-91eb-56740c18021b/RG-0000000501_Rent_Agreement_001.pdf,https://redgirraffe.com:8443/cache/memcache_get_documents/31c8d0a3-71fe-2216-91eb-56740c18021b/RG-0000000501_Cheque_001.pdf,https://redgirraffe.com:8443/cache/memcache_get_documents/31c8d0a3-71fe-2216-91eb-56740c18021b/RG-0000000501-Tenant-Verification.pdf,https://redgirraffe.com:8443/cache/memcache_get_documents/31c8d0a3-71fe-2216-91eb-56740c18021b/RG-0000000501-PDC-201602-201611-201610.jpg,https://redgirraffe.com:8443/cache/memcache_get_documents/31c8d0a3-71fe-2216-91eb-56740c18021b/RG-0000000501-PDC-201603.jpg,https://redgirraffe.com:8443/cache/memcache_get_documents/31c8d0a3-71fe-2216-91eb-56740c18021b/RG-0000000501-PDC-201606-201605-201604.jpg,https://redgirraffe.com:8443/cache/memcache_get_documents/31c8d0a3-71fe-2216-91eb-56740c18021b/RG-0000000501-PDC-201609-201608-201607.jpg,http://,http://,http://,4b602d4b-3843-e0cb-e786-56740c1639d8,Administrator,RG-0000000501,https://storage.googleapis.com/rglistcdn/RG00000000nirmalA/RGNirmal%20MahajanA%20-1%20Building%20view.jpg,https://storage.googleapis.com/rglistcdn/RG00000000nirmalA/RGNirmal%20MahajanA%20-2%20Bed%20room%20-1.jpg,https://storage.googleapis.com/rglistcdn/RG00000000nirmalA/RGNirmal%20MahajanA%20-3%20Bed%20room%20-1.jpg,https://storage.googleapis.com/rglistcdn/RG00000000nirmalA/RGNirmal%20MahajanA%20-4%20%20Additional%20room.jpg,https://storage.googleapis.com/rglistcdn/RG00000000nirmalA/RGNirmal%20MahajanA%20-5%20Balcony.jpg,https://storage.googleapis.com/rglistcdn/RG00000000nirmalA/RGNirmal%20MahajanA%20-6%20Bath%20room-1.jpg,https://storage.googleapis.com/rglistcdn/RG00000000nirmalA/RGNirmal%20MahajanA%20-7%20Sink%20outside%20Kitchen.jpg,https://storage.googleapis.com/rglistcdn/RG00000000nirmalA/RGNirmal%20MahajanA%20-8%20Stairs.jpg,http://,http://,http://,http://,http://,http://,http://,http://,http://,http://,http://,http://,http://,http://,http://,http://,http://,http://,http://,http://,http://,http://,pending,,2nd,mosaic,31c8d0a3-71fe-2216-91eb-56740c18021b,,12.0,,any,Lajpat Nagar 4,28.563763,77.23695,12.0,0.0,,RG-0000000501,2.0,1.0,0,,110024,1125.0,2016-02-2,,,,"1BHK, 575 Sq.Ft, Second Floor, Builder Flat Available for Rent in Lajpat Nagar.",builder_floor,0,,,,"&quot;1) One bedroom attach one bathroom
 2) Posh colony
 3) Un furnished property&quot;",17000.0,17000.0,,0,0,,approved,Any,,2,1bhk,sqft,sqft,,10_,listings
0.0,2d57c24a-d2ec-6cb0-d006-56938ced8af0,propertydata,1.0,Yes,1.0,,0.0,0,,0.0,Red Girraffe,1.0,0.0,2016-01-11 11:07:06,2016-01-18 09:48:28,0,,0.0,0.0,0.0,1.0,1.0,1.0,0.0,5f318658-828b-aa32-e3af-56938cae3385,1.0,,0,0.0,0.0,1.0,Red Girraffe,0,RG-0000000804,,,,,,,,,,,,0.0,^ample^,0,0.0,0.0,,0.0,0,0.0,0.0,5.0,0.0,0.0,0.0,0.0,0.0,0.0,1.0,4.0,1.0,0.0,1.0,0.0,0.0,0.0,0.0,0.0,0.0,0.0,0.0,0.0,pending,,2016-01-11,24 Hours (Between 09:00 to 19:00),pending,New Delhi,pending,1500.0,,INR,Yes,2016-01-11 11:07:06,2016-03-04 12:32:30,0.0,"Recently constructed, First floor, 3 bedroom builder flat with 3 bathrooms and 1 balcony is available for rent in Anand Niketan. This unfurnished property includes ACs, inverter, cupboards, microwave, gas stove, geysers, gas pipeline and ample parking space.",,Red Girraffe,2016-01-11 11:07:06,2016-01-29 07:39:17,0,,,,,,,,,,,,47fe0623-03f3-b854-0ab5-56938c7c033a,Red Girraffe,RG-0000000804,https://storage.googleapis.com/rglistcdn/11Jan 2016/RG-0000000804/RG-0000000804- 1 Drawing Room.jpg,https://storage.googleapis.com/rglistcdn/11Jan 2016/RG-0000000804/RG-0000000804- 10 Bathroom-2.jpg,https://storage.googleapis.com/rglistcdn/11Jan 2016/RG-0000000804/RG-0000000804- 11 Bathroom-2.jpg,https://storage.googleapis.com/rglistcdn/11Jan 2016/RG-0000000804/RG-0000000804- 12 Bedroom-3.jpg,https://storage.googleapis.com/rglistcdn/11Jan 2016/RG-0000000804/RG-0000000804- 13 Bedroom-3.jpg,https://storage.googleapis.com/rglistcdn/11Jan 2016/RG-0000000804/RG-0000000804- 14 Bathroom-3.jpg,https://storage.googleapis.com/rglistcdn/11Jan 2016/RG-0000000804/RG-0000000804- 15 Bathroom-3.jpg,https://storage.googleapis.com/rglistcdn/11Jan 2016/RG-0000000804/RG-0000000804- 2 Drawing Room.jpg,https://storage.googleapis.com/rglistcdn/11Jan 2016/RG-0000000804/RG-0000000804- 3 Kitchen.jpg,https://storage.googleapis.com/rglistcdn/11Jan 2016/RG-0000000804/RG-0000000804- 4 Bedroom-1.jpg,https://storage.googleapis.com/rglistcdn/11Jan 2016/RG-0000000804/RG-0000000804- 5 Bedroom-1.jpg,https://storage.googleapis.com/rglistcdn/11Jan 2016/RG-0000000804/RG-0000000804- 6 Bathroom-1.jpg,https://storage.googleapis.com/rglistcdn/11Jan 2016/RG-0000000804/RG-0000000804- 7 Bedroom-2.jpg,https://storage.googleapis.com/rglistcdn/11Jan 2016/RG-0000000804/RG-0000000804- 8 Bedroom-2.jpg,https://storage.googleapis.com/rglistcdn/11Jan 2016/RG-0000000804/RG-0000000804- 9 Bedroom-2.jpg,,,,,,,,,,,,,,,,pending,,1st,marble wooden,2d57c24a-d2ec-6cb0-d006-56938ced8af0,,36.0,,any,Anand Niketan,28.580784,77.165062,12.0,0.0,,RG-0000000804,1.0,3.0,0,,110021,1800.0,,No,,," Recently Constructed, Well Maintained, 3BHK, 1500 Sq.Ft, First Floor, Builder Flat, Available for Rent in Anand Niketan.",builder_floor,0,,LISTING_WITH_SIGNUP,,1) Three Bedrooms Attach Bathrooms 2) Unfurnished Floor with 5 Acs 3) Without Power Backup,70000.0,140000.0,,0,0,,approved,Any,,2,3bhk,sqft,sqft,0.0,5_10,listings
0.0,90dc78f1-1ff9-5887-aea4-56c6ae36c294,propertydata,1.0,Yes,1.0,,1.0,0,,0.0,Red Girraffe,1.0,1.0,2016-02-19 05:54:56,2016-02-29 13:09:05,0,,1.0,0.0,1.0,0.0,1.0,1.0,0.0,c822b13a-8e89-e9ef-6fb8-56c6ae36b96c,1.0,,1,0.0,1.0,1.0,Red Girraffe,0,RG-0000001088,,,,,,,,,,,,1.0,"^reserved^,^open^",0,0.0,1.0,,0.0,0,1.0,0.0,6.0,4.0,0.0,0.0,0.0,0.0,1.0,1.0,5.0,1.0,0.0,1.0,0.0,1.0,1.0,1.0,0.0,1.0,1.0,1.0,0.0,pending,,2016-02-18,24 Hours (Between 09:00 to 19:00),pending,Gurgaon,pending,2800.0,,INR,Yes,2016-02-19 05:54:56,2016-05-20 06:12:47,0.0,"A 4 bedroom independent house with 4 bathrooms and 2 balconies is available for rent in Gurgaon. This property includes beds, TVs, ACs, fridge, washing machine, inverter, curtains, cupboards, sofa, dining table, microwave, water purifier, gas stove, geysers, power backup, and a reserved parking space. It comes with a servant room with attached bathroom.",,Red Girraffe,2016-02-19 05:54:56,2016-03-20 15:16:51,0,,,,,,,,,,,,aead0533-ffdc-68ac-de31-56c6aed0fa63,Red Girraffe,RG-0000001088,https://storage.googleapis.com/rglistcdn/18feb/RG-0000001088/.DS_Store,https://storage.googleapis.com/rglistcdn/18feb/RG-0000001088/RG-0000001088 -01 Drawing room.jpg,https://storage.googleapis.com/rglistcdn/18feb/RG-0000001088/RG-0000001088 -02 Drawing room.jpg,https://storage.googleapis.com/rglistcdn/18feb/RG-0000001088/RG-0000001088 -03 Dining area.jpg,https://storage.googleapis.com/rglistcdn/18feb/RG-0000001088/RG-0000001088 -04 Kitchen.jpg,https://storage.googleapis.com/rglistcdn/18feb/RG-0000001088/RG-0000001088 -05 Kitchen(2).jpg,https://storage.googleapis.com/rglistcdn/18feb/RG-0000001088/RG-0000001088 -05 Kitchen.jpg,https://storage.googleapis.com/rglistcdn/18feb/RG-0000001088/RG-0000001088 -06 Bed room-1(2).jpg,https://storage.googleapis.com/rglistcdn/18feb/RG-0000001088/RG-0000001088 -06 Bed room-1.jpg,https://storage.googleapis.com/rglistcdn/18feb/RG-0000001088/RG-0000001088 -07 Bed room-1(2).jpg,https://storage.googleapis.com/rglistcdn/18feb/RG-0000001088/RG-0000001088 -07 Bed room-1.jpg,https://storage.googleapis.com/rglistcdn/18feb/RG-0000001088/RG-0000001088 -09 Bed room-2(2).jpg,https://storage.googleapis.com/rglistcdn/18feb/RG-0000001088/RG-0000001088 -09 Bed room-2.jpg,https://storage.googleapis.com/rglistcdn/18feb/RG-0000001088/RG-0000001088 -10 Bed room-2(2).jpg,https://storage.googleapis.com/rglistcdn/18feb/RG-0000001088/RG-0000001088 -10 Bed room-2.jpg,https://storage.googleapis.com/rglistcdn/18feb/RG-0000001088/RG-0000001088 -11 Bath room-2(2).jpg,https://storage.googleapis.com/rglistcdn/18feb/RG-0000001088/RG-0000001088 -11 Bath room-2.jpg,https://storage.googleapis.com/rglistcdn/18feb/RG-0000001088/RG-0000001088 -12 Study space(2).jpg,https://storage.googleapis.com/rglistcdn/18feb/RG-0000001088/RG-0000001088 -12 Study space.jpg,https://storage.googleapis.com/rglistcdn/18feb/RG-0000001088/RG-0000001088 -13 Bed room-3(2).jpg,https://storage.googleapis.com/rglistcdn/18feb/RG-0000001088/RG-0000001088 -13 Bed room-3.jpg,https://storage.googleapis.com/rglistcdn/18feb/RG-0000001088/RG-0000001088 -14 Bed room-3(2).jpg,https://storage.googleapis.com/rglistcdn/18feb/RG-0000001088/RG-0000001088 -14 Bed room-3.jpg,https://storage.googleapis.com/rglistcdn/18feb/RG-0000001088/RG-0000001088 -15 Bed room-3(2).jpg,https://storage.googleapis.com/rglistcdn/18feb/RG-0000001088/RG-0000001088 -15 Bed room-3.jpg,https://storage.googleapis.com/rglistcdn/18feb/RG-0000001088/RG-0000001088 -16 Bed room-4(2).jpg,https://storage.googleapis.com/rglistcdn/18feb/RG-0000001088/RG-0000001088 -16 Bed room-4.jpg,https://storage.googleapis.com/rglistcdn/18feb/RG-0000001088/RG-0000001088 -17 Bed room-4(2).jpg,https://storage.googleapis.com/rglistcdn/18feb/RG-0000001088/RG-0000001088 -17 Bed room-4.jpg,https://storage.googleapis.com/rglistcdn/18feb/RG-0000001088/RG-0000001088 -18 Bath room-4(2).jpg,pending,,Ground_1,marble wooden,90dc78f1-1ff9-5887-aea4-56c6ae36c294,,36.0,,any,"DLF Phase I, Gurgaon",28.478446,77.088964,12.0,1500.0,,RG-0000001088,2.0,4.0,0,monthly,122002,1800.0,,No,,,"Beautifully Maintained, Fully Furnished 4BHK, 2800 Sq.Ft Independent House Available for Rent in Gurgaon.",independent,0,,LISTING_WITH_SIGNUP,,1)Four Bed rooms attach bath rooms Independent house 2)Fullyfurnished Property 3) With 6 Acs and power backup 4) One Car Parking at Reserved 5) Beautiful maintane property,90000.0,180000.0,,0,0,,approved,Any,,1,4bhk,sqft,sqft,0.0,5_10,listings
0.0,3044294e-330b-57ff-1957-5698e5642b74,propertydata,1.0,No,1.0,,0.0,0,,0.0,Red Girraffe,1.0,0.0,2016-01-15 12:25:44,2016-01-15 12:48:31,0,,0.0,0.0,0.0,0.0,1.0,1.0,0.0,602b151d-c90d-59a5-974b-5698e5d17323,0.0,,0,1.0,1.0,0.0,Red Girraffe,0,RG-0000000847,,,,,,,,,,,,1.0,^reserved^,0,0.0,1.0,,1.0,24,0.0,0.0,5.0,0.0,0.0,0.0,0.0,0.0,0.0,1.0,4.0,0.0,0.0,0.0,0.0,0.0,0.0,0.0,0.0,0.0,0.0,0.0,0.0,pending,,2016-01-05,(Between 09:00 to 19:00),pending,New Delhi,pending,1800.0,,INR,,2016-01-15 12:25:44,2016-02-01 08:28:42,0.0,"A recently constructed third floor , 3 bedroom builder flat with lift, 4 bathrooms and 2 balconies  is available for rent in Greater Kailash Part II. This  property includes Acs,cupboards,gas stove,geysers, 24H security and power backup and reserved parking .It comes with a servants room with attached bathroom. ",,Red Girraffe,2016-01-15 12:25:44,2016-01-29 07:38:40,0,,,,,,,,,,,,4a357464-3ca2-7f8b-29d2-5698e50a6ad1,Red Girraffe,RG-0000000847,https://storage.googleapis.com/rglistcdn/05Jan 2016/RG0000000720A/RG0000000720A- 1 Drawing Room.jpg,https://storage.googleapis.com/rglistcdn/05Jan 2016/RG0000000720A/RG0000000720A- 10 Bathroom-2.jpg,https://storage.googleapis.com/rglistcdn/05Jan 2016/RG0000000720A/RG0000000720A- 11 Bedroom-3.jpg,https://storage.googleapis.com/rglistcdn/05Jan 2016/RG0000000720A/RG0000000720A- 12 Bedroom-3.jpg,https://storage.googleapis.com/rglistcdn/05Jan 2016/RG0000000720A/RG0000000720A- 13 Bedroom-3.jpg,https://storage.googleapis.com/rglistcdn/05Jan 2016/RG0000000720A/RG0000000720A- 14 Bathroom-3.jpg,https://storage.googleapis.com/rglistcdn/05Jan 2016/RG0000000720A/RG0000000720A- 15 Bathroom-4.jpg,https://storage.googleapis.com/rglistcdn/05Jan 2016/RG0000000720A/RG0000000720A- 16 Balcony.jpg,https://storage.googleapis.com/rglistcdn/05Jan 2016/RG0000000720A/RG0000000720A- 2 Drawing Room.jpg,https://storage.googleapis.com/rglistcdn/05Jan 2016/RG0000000720A/RG0000000720A- 3 Kitchen.jpg,https://storage.googleapis.com/rglistcdn/05Jan 2016/RG0000000720A/RG0000000720A- 4 Bedroom-1.jpg,https://storage.googleapis.com/rglistcdn/05Jan 2016/RG0000000720A/RG0000000720A- 5 Bedroom-1.jpg,https://storage.googleapis.com/rglistcdn/05Jan 2016/RG0000000720A/RG0000000720A- 6 Bedroom-1.jpg,https://storage.googleapis.com/rglistcdn/05Jan 2016/RG0000000720A/RG0000000720A- 7 Bathroom-1.jpg,https://storage.googleapis.com/rglistcdn/05Jan 2016/RG0000000720A/RG0000000720A- 8 Bedroom-2.jpg,https://storage.googleapis.com/rglistcdn/05Jan 2016/RG0000000720A/RG0000000720A- 9 Bedroom-2.jpg,,,,,,,,,,,,,,,pending,,3rd,"^marble^,^wooden^",3044294e-330b-57ff-1957-5698e5642b74,,24.0,^^,"^bank_lease^,^company_lease^,^embassy_lease^",Greater Kailash 2,28.53317,77.245658,12.0,5000.0,,RG-0000000847,2.0,4.0,0,monthly,110048,2700.0,2016-02-1,No,,,"Recently Constructed 3BHK 1800 Sq.Ft, Third Floor Builder Flat with Lift, Available for Rent in Greater Kailash Part II.",builder_floor,0,,,,"1)Three Bedrooms attached Bathrooms 2)Brand New Property 3)Unfurnished Property with 5 Acs, 4)With Power Backup",125000.0,375000.0,,1,1,,approved,Any,,3,3bhk,sqft,sqft,,0_2,listings
0.0,c9df55ad-4215-bc2a-0fb8-567182f4ddb8,propertydata,1.0,Yes,1.0,,1.0,0,,0.0,Red Girraffe,1.0,0.0,2015-12-16 15:25:46,2015-12-21 10:22:50,0,,1.0,0.0,0.0,1.0,1.0,1.0,0.0,743aa76c-2a31-2711-7fa2-56718201641b,0.0,,0,0.0,1.0,0.0,Administrator,0,RG-0000000480,,,,,,,,,,,,1.0,^open^,0,0.0,0.0,,0.0,,1.0,0.0,1.0,3.0,0.0,0.0,0.0,0.0,0.0,1.0,3.0,0.0,0.0,0.0,0.0,0.0,1.0,0.0,0.0,0.0,1.0,0.0,0.0,pending,,2016-02-01,10:00 to 17:00,pending,New Delhi,pending,2900.0,,INR,,2015-12-16 15:25:45,2016-02-01 08:30:21,0.0,"A fully furnished 3 bedroom, 2900 sq ft buikder flat with 3 bathrooms, an additional puja room and 1 balcony; best suited for a foreigner is available for rent in Hauz Khas. Also included are beds, ACs,fridge,washing machine, cupboards,,sofa, dining table,water purifier,gas stove, geysers, security, power backup, piped gas and  ample parking space.This builder flat comes with a servants room with attached bathroom.",,Red Girraffe,2015-12-16 15:25:45,2015-12-28 06:18:53,0,,,,,,,,,,,,425a0c71-0915-0256-6d37-5671826ced85,Red Girraffe,RG-0000000480,https://storage.googleapis.com/rglistcdn/17Dec2015/RG0000000480/RG0000000480- 1 Floor Entrance.jpg,https://storage.googleapis.com/rglistcdn/17Dec2015/RG0000000480/RG0000000480- 10 Balcony.jpg,https://storage.googleapis.com/rglistcdn/17Dec2015/RG0000000480/RG0000000480- 11 Kitchen 1.jpg,https://storage.googleapis.com/rglistcdn/17Dec2015/RG0000000480/RG0000000480- 12 Kitchen 1.jpg,https://storage.googleapis.com/rglistcdn/17Dec2015/RG0000000480/RG0000000480- 13 Kitchen 1.jpg,https://storage.googleapis.com/rglistcdn/17Dec2015/RG0000000480/RG0000000480- 2 Bed Room 1.jpg,https://storage.googleapis.com/rglistcdn/17Dec2015/RG0000000480/RG0000000480- 3 Drawing cum Dinning area.jpg,https://storage.googleapis.com/rglistcdn/17Dec2015/RG0000000480/RG0000000480- 4 Bed Room 2.jpg,https://storage.googleapis.com/rglistcdn/17Dec2015/RG0000000480/RG0000000480- 5 Bed Room 2.jpg,https://storage.googleapis.com/rglistcdn/17Dec2015/RG0000000480/RG0000000480- 6 Bed Room 3.jpg,https://storage.googleapis.com/rglistcdn/17Dec2015/RG0000000480/RG0000000480- 8 Bath Room 2.jpg,https://storage.googleapis.com/rglistcdn/17Dec2015/RG0000000480/RG0000000480- 9 Bath Room 3.jpg,,,,,,,,,,,,,,,,,,,pending,,1st,^marble^,c9df55ad-4215-bc2a-0fb8-567182f4ddb8,,36.0,"^foreigner_employees^,^for_embassy^","^bank_lease^,^company_lease^,^embassy_lease^",Hauz Khas,28.549619,77.205863,12.0,1000.0,,RG-0000000480,1.0,3.0,0,monthly,110016,4680.0,2016-02-1,yes,,,"A Fully Furnished 3BHK, 2900 Sq.Ft,First Floor Builder Flat Available for Rent in Hauz Khas.",builder_floor,0,,,,"1) 3 Bed Rooms with  attach 
    3 Bath Rooms 
2) 1 Puja Room
3) Furnished property ",100000.0,200000,,1,1,,approved,Any,,1,3bhk,sqft,sqft,,10_,listings
0.0,9040647b-eded-177f-9eb0-56850362aa1c,propertydata,1.0,No,1.0,,1.0,0,,0.0,Red Girraffe,1.0,1.0,2015-12-31 10:27:33,2016-01-07 07:09:08,0,,1.0,0.0,1.0,0.0,1.0,1.0,0.0,b93dffec-56e7-b34b-100d-568503add736,1.0,,0,1.0,1.0,1.0,Red Girraffe,0,RG-0000000696,,,,,,,,,,,,1.0,^reserved^,0,0.0,0.0,,0.0,,1.0,0.0,5.0,3.0,0.0,0.0,0.0,0.0,1.0,1.0,4.0,1.0,0.0,1.0,0.0,1.0,1.0,1.0,0.0,1.0,1.0,1.0,0.0,pending,,2015-12-31,10:00 to 17:00,pending,New Delhi,pending,1500.0,,INR,,2015-12-31 10:27:33,2016-02-01 08:29:41,0.0,"Recently constructed, Park side property, second floor with lift, 3 bedroom builder flat with 3 bathrooms and 2 balconies is available for rent in Greater Kailash Part-1. This fully furnished property includes bed, TV, ACs, fridge, washing machine, inverter, sofa, cupboards, dining table, water purifier, gas stove, geysers and reserved parking space. It comes with a servants room with attached bathroom.",,Red Girraffe,2015-12-31 10:27:33,2016-01-07 19:00:43,0,,,,,,,,,,,,a5cd7f96-aba9-f806-d69e-56850354d305,Red Girraffe,RG-0000000696,https://storage.googleapis.com/rglistcdn/03Jan2016/RG0000000696/RG0000000696 -1 Drawing room.jpg,https://storage.googleapis.com/rglistcdn/03Jan2016/RG0000000696/RG0000000696 -10 Bath room -1.jpg,https://storage.googleapis.com/rglistcdn/03Jan2016/RG0000000696/RG0000000696 -12 Bath room -2.jpg,https://storage.googleapis.com/rglistcdn/03Jan2016/RG0000000696/RG0000000696 -13 Balcony.jpg,https://storage.googleapis.com/rglistcdn/03Jan2016/RG0000000696/RG0000000696 -14 Bed room -3.jpg,https://storage.googleapis.com/rglistcdn/03Jan2016/RG0000000696/RG0000000696 -15 Bed room -3.jpg,https://storage.googleapis.com/rglistcdn/03Jan2016/RG0000000696/RG0000000696 -16 Bed room -3.jpg,https://storage.googleapis.com/rglistcdn/03Jan2016/RG0000000696/RG0000000696 -17 Bath room -3.jpg,https://storage.googleapis.com/rglistcdn/03Jan2016/RG0000000696/RG0000000696 -2 Drawing room.jpg,https://storage.googleapis.com/rglistcdn/03Jan2016/RG0000000696/RG0000000696 -3 Kitchen.jpg,https://storage.googleapis.com/rglistcdn/03Jan2016/RG0000000696/RG0000000696 -4 Dining area.jpg,https://storage.googleapis.com/rglistcdn/03Jan2016/RG0000000696/RG0000000696 -5 Bed room -1.jpg,https://storage.googleapis.com/rglistcdn/03Jan2016/RG0000000696/RG0000000696 -6 Bed room -1.jpg,https://storage.googleapis.com/rglistcdn/03Jan2016/RG0000000696/RG0000000696 -7 Bath room -1.jpg,https://storage.googleapis.com/rglistcdn/03Jan2016/RG0000000696/RG0000000696 -8 Bed room -2.jpg,https://storage.googleapis.com/rglistcdn/03Jan2016/RG0000000696/RG0000000696 -9 Bed room -2.jpg,,,,,,,,,,,,,,,pending,,2nd,"^marble^,^wooden^",9040647b-eded-177f-9eb0-56850362aa1c,,36.0,^^,^any^,Greater Kailash 1,28.546918,77.23635,24.0,5000.0,,RG-0000000696,2.0,3.0,0,monthly,110048,1872.0,2016-02-1,No,,,"Recently Constructed, Well Maintained, 3BHK, 1500 Sq.Ft, Second Floor with lift, Builder Flat, Available for Rent in Greater Kailash Part-1.",builder_floor,0,,,,1) Three Bed rooms attach bath rooms 2) Fullyfurnished floor 5 Acs insttaled 3) Without Power backup 4) Near by Park,100000.0,200000,,1,1,,approved,Any,,3,3bhk,sqft,sqft,,2_5,listings
0.0,63a5073d-9844-4158-855d-5690aefdf7e3,propertydata,1.0,No,1.0,,0.0,0,,0.0,Red Girraffe,1.0,1.0,2016-01-09 06:55:15,2016-01-18 06:29:50,0,,0.0,0.0,0.0,0.0,0.0,1.0,0.0,97a2f266-f373-291b-1ef4-5690aed21017,0.0,,0,0.0,0.0,0.0,Red Girraffe,0,RG-0000000775,,,,,,,,,,,,1.0,^ample^,0,0.0,0.0,,0.0,0,0.0,0.0,3.0,0.0,0.0,0.0,0.0,0.0,0.0,0.0,3.0,0.0,0.0,0.0,0.0,0.0,0.0,0.0,0.0,0.0,0.0,0.0,0.0,pending,,2016-01-09,24 Hours (Between 09:00 to 19:00),pending,New Delhi,pending,1400.0,,INR,Yes,2016-01-09 06:55:15,2016-03-04 12:32:38,0.0,"A second floor, 3 bedroom builder flat 3 bathrooms,4 balconies is available for rent in Lajpat nagar Part 3. This  property includes ACs,curtains, cupboards, geysers and ample parking .",,Red Girraffe,2016-01-09 06:55:15,2016-01-29 07:39:04,0,,,,,,,,,,,,7f0a00d5-fe05-8eee-ddb2-5690ae0d72c6,Red Girraffe,RG-0000000775,https://storage.googleapis.com/rglistcdn/09Jan 2016/RG-0000000775/RG-0000000775 -1 Drawing room.jpg,https://storage.googleapis.com/rglistcdn/09Jan 2016/RG-0000000775/RG-0000000775 -2 Drawing room.jpg,https://storage.googleapis.com/rglistcdn/09Jan 2016/RG-0000000775/RG-0000000775 -3 Kitchen.jpg,https://storage.googleapis.com/rglistcdn/09Jan 2016/RG-0000000775/RG-0000000775 -4 Bed room -1.jpg,https://storage.googleapis.com/rglistcdn/09Jan 2016/RG-0000000775/RG-0000000775 -5 Bath room-1.jpg,https://storage.googleapis.com/rglistcdn/09Jan 2016/RG-0000000775/RG-0000000775 -6 Bed room -2.jpg,,,,,,,,,,,,,,,,,,,,,,,,,pending,,2nd,marble wooden,63a5073d-9844-4158-855d-5690aefdf7e3,,36.0,,any,Lajpat Nagar 3,28.566291,77.238558,12.0,0.0,,RG-0000000775,4.0,3.0,0,,110024,3600.0,,No,,,"Recently Constructed 3BHK,1400 Sq.Ft, Second Floor Builder Flat  Available for Rent in Lajpat Nagar Part -3.",builder_floor,0,,LISTING_WITH_SIGNUP,,1) Three bed rooms attach bathrooms 2)Unfurnished property with three ACs 3) Without Power backup,40000.0,80000,,0,0,,approved,Any,,2,3bhk,sqft,sqft,0.0,0_2,listings
0.0,b1d69ce5-3b13-9766-26dd-56976479a085,propertydata,1.0,Yes,1.0,,0.0,0,,0.0,Red Girraffe,1.0,0.0,2016-01-14 09:04:23,2016-01-18 09:58:33,0,,0.0,0.0,1.0,0.0,1.0,1.0,0.0,edc56ec6-0330-9029-e08b-5697641b294b,0.0,,0,1.0,1.0,0.0,Red Girraffe,0,RG-0000000835,,,,,,,,,,,,1.0,^open^,0,0.0,1.0,,0.0,0,0.0,0.0,5.0,0.0,0.0,0.0,0.0,0.0,1.0,1.0,4.0,0.0,0.0,0.0,0.0,0.0,0.0,1.0,0.0,0.0,0.0,1.0,0.0,pending,,2016-01-14,10:00 to 17:00,pending,New Delhi,pending,1500.0,,INR,Yes,2016-01-14 09:04:23,2016-03-04 12:32:48,0.0,"A third floor, 3 bedroom builder flat with lift, 3 bathrooms and 2 balconies is available for rent in Defence Colony. This property includes ACs,fridge,water purifier, cupboards,gas stove,geysers, power backup and Ample parking .It comes with a servants room with attached bathroom.",,Red Girraffe,2016-01-14 09:04:23,2016-01-29 07:39:31,0,,,,,,,,,,,,d1098e80-f1ca-6aec-84de-5697646e8305,Red Girraffe,RG-0000000835,https://storage.googleapis.com/rglistcdn/14Jan2016/RG-0000000835/RG-0000000835- 1 Drawing cum Dinning area.jpg,https://storage.googleapis.com/rglistcdn/14Jan2016/RG-0000000835/RG-0000000835- 10 Bath Room 3.jpg,https://storage.googleapis.com/rglistcdn/14Jan2016/RG-0000000835/RG-0000000835- 11 Kitchen 1.jpg,https://storage.googleapis.com/rglistcdn/14Jan2016/RG-0000000835/RG-0000000835- 12 Kitchen 1.jpg,https://storage.googleapis.com/rglistcdn/14Jan2016/RG-0000000835/RG-0000000835- 13 Kitchen 1.jpg,https://storage.googleapis.com/rglistcdn/14Jan2016/RG-0000000835/RG-0000000835- 14 Terrace.jpg,https://storage.googleapis.com/rglistcdn/14Jan2016/RG-0000000835/RG-0000000835- 2 Bed Room 1.jpg,https://storage.googleapis.com/rglistcdn/14Jan2016/RG-0000000835/RG-0000000835- 3 Bath Room 1.jpg,https://storage.googleapis.com/rglistcdn/14Jan2016/RG-0000000835/RG-0000000835- 4 Bed Room 2.jpg,https://storage.googleapis.com/rglistcdn/14Jan2016/RG-0000000835/RG-0000000835- 5 Bed Room 2.jpg,https://storage.googleapis.com/rglistcdn/14Jan2016/RG-0000000835/RG-0000000835- 6 Bath Room 2.jpg,https://storage.googleapis.com/rglistcdn/14Jan2016/RG-0000000835/RG-0000000835- 7 Bed Room 3.jpg,https://storage.googleapis.com/rglistcdn/14Jan2016/RG-0000000835/RG-0000000835- 8 Bed Room 3.jpg,https://storage.googleapis.com/rglistcdn/14Jan2016/RG-0000000835/RG-0000000835- 9 Bath Room 3.jpg,,,,,,,,,,,,,,,,,pending,,3rd,marble,b1d69ce5-3b13-9766-26dd-56976479a085,,24.0,,company_lease,Defence Colony,28.577342,77.230254,12.0,2500.0,,RG-0000000835,2.0,3.0,0,monthly,110024,1950.0,,No,,,"Well Maintained 3BHK, 1500 Sq.Ft, Third Floor Builder Flat with Lift Available for Rent in Defence Colony.",builder_floor,0,,LISTING_WITH_SIGNUP,,1) Three Bed Rooms all with attach Three Bath Rooms 2) Unfurnished Property 3) With 5 ACs Installed 100% Power Backup,85000.0,225000,,1,1,,approved,Any,,3,3bhk,sqft,sqft,0.0,10_,listings
0.0,ae1309db-fc10-9c8f-cd6e-56c060918d12,propertydata,1.0,No,0.0,,0.0,0,,0.0,Red Girraffe,1.0,0.0,2016-02-14 11:09:42,2016-02-29 12:00:49,0,,0.0,0.0,0.0,0.0,0.0,0.0,0.0,656852d8-6571-7740-f7b2-56c060c5465d,0.0,,0,0.0,0.0,0.0,Red Girraffe,0,RG-0000001054,,,,,,,,,,,,1.0,^reserved^,0,0.0,0.0,,0.0,0,0.0,0.0,0.0,0.0,0.0,0.0,0.0,0.0,0.0,0.0,0.0,0.0,0.0,0.0,0.0,0.0,0.0,0.0,0.0,0.0,0.0,0.0,0.0,pending,,2016-02-14,24 Hours (Between 09:00 to 19:00),pending,New Delhi,pending,5000.0,,INR,Yes,2016-02-14 11:09:42,2016-05-20 06:13:07,0.0,"Lower Ground Floor, 6 bedroom Independent House with 5 bathrooms and 2 balconies is available for rent in Neeti Bagh, New Delhi. This unfurnished property includes cupboards and reserved parking space. It comes with a servant room with attached bathroom.",,Red Girraffe,2016-02-14 11:09:42,2016-03-07 09:22:34,0,,,,,,,,,,,,38aa5055-a998-4b96-6e89-56c060a0c22b,Red Girraffe,RG-0000001054,https://storage.googleapis.com/rglistcdn/14 Feb/RG-0000001054/RG-0000001054- 01 Drawing Room.jpg,https://storage.googleapis.com/rglistcdn/14 Feb/RG-0000001054/RG-0000001054- 02 Drawing Room.jpg,https://storage.googleapis.com/rglistcdn/14 Feb/RG-0000001054/RG-0000001054- 03 Kitchen.jpg,https://storage.googleapis.com/rglistcdn/14 Feb/RG-0000001054/RG-0000001054- 04 Kitchen.jpg,https://storage.googleapis.com/rglistcdn/14 Feb/RG-0000001054/RG-0000001054- 05 Loby.jpg,https://storage.googleapis.com/rglistcdn/14 Feb/RG-0000001054/RG-0000001054- 06 Bedroom-1.jpg,https://storage.googleapis.com/rglistcdn/14 Feb/RG-0000001054/RG-0000001054- 07 Bedroom-1.jpg,https://storage.googleapis.com/rglistcdn/14 Feb/RG-0000001054/RG-0000001054- 08 Bathroom-1.jpg,https://storage.googleapis.com/rglistcdn/14 Feb/RG-0000001054/RG-0000001054- 09 Bedroom-2.jpg,https://storage.googleapis.com/rglistcdn/14 Feb/RG-0000001054/RG-0000001054- 10 Bedroom-2.jpg,https://storage.googleapis.com/rglistcdn/14 Feb/RG-0000001054/RG-0000001054- 11 Bathroom-2.jpg,https://storage.googleapis.com/rglistcdn/14 Feb/RG-0000001054/RG-0000001054- 12 Bedroom-3.jpg,https://storage.googleapis.com/rglistcdn/14 Feb/RG-0000001054/RG-0000001054- 13 Bedroom-3.jpg,https://storage.googleapis.com/rglistcdn/14 Feb/RG-0000001054/RG-0000001054- 14 Bedroom-4.jpg,https://storage.googleapis.com/rglistcdn/14 Feb/RG-0000001054/RG-0000001054- 15 Bathroom-3.jpg,https://storage.googleapis.com/rglistcdn/14 Feb/RG-0000001054/RG-0000001054- 16 Terrace.jpg,https://storage.googleapis.com/rglistcdn/14 Feb/RG-0000001054/RG-0000001054- 17 Terrace.jpg,https://storage.googleapis.com/rglistcdn/14 Feb/RG-0000001054/RG-0000001054- 18 Driveway.jpg,https://storage.googleapis.com/rglistcdn/14 Feb/RG-0000001054/RG-0000001054- 19 Front Garden.jpg,,,,,,,,,,,,pending,,Ground_2,marble,ae1309db-fc10-9c8f-cd6e-56c060918d12,,24.0,,any,Neeti Bagh,28.559574,77.21538,12.0,0.0,,RG-0000001054,2.0,5.0,0,,110049,2700.0,,No,,,"Well Maintained, 6BHK, 5000 Sq.Ft Independent House Available for Rent in Neeti Bagh, New Delhi.",independent,0,,LISTING_WITH_SIGNUP,,1) Six bedrooms with 5 bathrooms 2) Well maintain unfurnished floor Without Acs 3) Without Power Backup 4) Reserved parking,400000.0,800000,,1,1,,approved,Any,,2,6bhk,sqft,sqft,0.0,10_,listings
0.0,7d4f1290-41b2-4e8a-2c5b-566e9e5a8e78,propertydata,1.0,Yes,1.0,,1.0,0,,0.0,Red Girraffe,1.0,1.0,2015-12-14 10:48:02,2015-12-18 11:48:48,0,,1.0,0.0,1.0,1.0,1.0,1.0,0.0,b4d166ec-f223-b842-86e8-566e9ec33d0d,1.0,,0,1.0,0.0,1.0,Administrator,0,RG-0000000433,,,,,,,,,,,,1.0,^open^,0,0.0,0.0,,0.0,,1.0,0.0,5.0,3.0,0.0,0.0,0.0,0.0,1.0,1.0,4.0,1.0,0.0,1.0,0.0,1.0,0.0,1.0,0.0,1.0,0.0,1.0,0.0,pending,,2015-12-15,10:00 to 17:00,pending,New Delhi,pending,2000.0,,INR,,2015-12-14 10:48:02,2016-02-01 08:29:27,0.0,"A well maintained, furnished 3BHK,ground floor,2000 sq ft builder flat with lift, 3 abathroomttached bathrooms and 1 guest bathroom  is available for rent in East of Kailash.The builder flat includes beds, TV, ACs,fridge,inverter, curtains,sofa,dining table,microwave,water purifier, gas stove,geysers & ample parking.",,Red Girraffe,2015-12-14 10:48:02,2015-12-28 06:18:34,0,,,,,,,,,,,,99e2b689-211f-f164-652b-566e9e351e1d,Red Girraffe,RG-0000000433,https://storage.googleapis.com/rglistcdn/15Dec2015/RG0000000433/RG0000000433- 1 Floor Entrance.jpg,https://storage.googleapis.com/rglistcdn/15Dec2015/RG0000000433/RG0000000433- 10 Bath Room 2.jpg,https://storage.googleapis.com/rglistcdn/15Dec2015/RG0000000433/RG0000000433- 11 Bath Room 2.jpg,https://storage.googleapis.com/rglistcdn/15Dec2015/RG0000000433/RG0000000433- 12 Bath Room 3.jpg,https://storage.googleapis.com/rglistcdn/15Dec2015/RG0000000433/RG0000000433- 13 Bath Room 4.jpg,https://storage.googleapis.com/rglistcdn/15Dec2015/RG0000000433/RG0000000433- 14 Kitchen 1.jpg,https://storage.googleapis.com/rglistcdn/15Dec2015/RG0000000433/RG0000000433- 15 Kitchen 1.jpg,https://storage.googleapis.com/rglistcdn/15Dec2015/RG0000000433/RG0000000433- 2 Drawing cum Dinning area 1.jpg,https://storage.googleapis.com/rglistcdn/15Dec2015/RG0000000433/RG0000000433- 3 Drawing cum Dinning area 1.jpg,https://storage.googleapis.com/rglistcdn/15Dec2015/RG0000000433/RG0000000433- 4 Bed Room 1.jpg,https://storage.googleapis.com/rglistcdn/15Dec2015/RG0000000433/RG0000000433- 5 Bed Room 1.jpg,https://storage.googleapis.com/rglistcdn/15Dec2015/RG0000000433/RG0000000433- 6 Bed Room 2.jpg,https://storage.googleapis.com/rglistcdn/15Dec2015/RG0000000433/RG0000000433- 7 Bed Room 3.jpg,https://storage.googleapis.com/rglistcdn/15Dec2015/RG0000000433/RG0000000433- 8 Bed Room 3.jpg,https://storage.googleapis.com/rglistcdn/15Dec2015/RG0000000433/RG0000000433- 9 Bath Room 1.jpg,,,,,,,,,,,,,,,,pending,,Ground,^marble^,7d4f1290-41b2-4e8a-2c5b-566e9e5a8e78,,24.0,^non_individual_for_company^,"^company_lease^,^embassy_lease^",East of Kailash,28.561285,77.25407,12.0,0.0,,RG-0000000433,0.0,4.0,0,,110065,2700.0,2016-02-1,no,,,"Well Maintained, Furnished,3BHK, 2000 Sq.Ft,Ground Floor, Builder Flat with Lift Available for Rent in East of Kailash.",builder_floor,0,,,,"1) 3 Bed Rooms with 3 attach 
    Bath Rooms + 1 extra 
    Bath Room 
2) Furnished Property well 
    maintaned furniture ",100000.0,300000,,1,1,,approved,Any,,3,3bhk,sqft,sqft,,10_,listings
0.0,aceac583-77de-1acc-7998-56584b4ce77b,propertydata,1.0,,1.0,,1.0,0,,0.0,Red Girraffe,1.0,0.0,2015-11-27 12:25:27,2015-12-03 11:07:32,0,,0.0,0.0,0.0,0.0,1.0,0.0,0.0,51ea5177-e764-d2ee-a78d-56584be75c8b,1.0,,0,0.0,1.0,0.0,Red Girraffe,0,RG-0000000185,,,,,,,,,,,,1.0,^open^,0,0.0,0.0,,0.0,,1.0,0.0,2.0,2.0,0.0,0.0,0.0,0.0,0.0,1.0,0.0,1.0,0.0,0.0,0.0,0.0,0.0,0.0,0.0,0.0,0.0,0.0,0.0,pending,,2015-11-28,09:00 to 19:00,pending,New Delhi,pending,700.0,,INR,,2015-11-27 12:25:23,2016-02-01 08:30:01,0.0,"A third floor 2 bedroom builder flat with 2 bathrooms and 1 balcony is available for rent in Safdarjung Enclave.This semi furnisbed, ready to move in property also included are ACs, bed,inverter, cupboards, sofa and gas stove.",,Red Girraffe,2015-11-27 12:25:27,2015-12-10 05:20:59,0,,,,,,,,,,,,110fb2ee-c6e4-d2b1-047b-56584b2f8d5c,Red Girraffe,RG-0000000185,https://storage.googleapis.com/rglistcdn/RG00000000185/RG00000000185- 1 Floor Entrance.jpg,https://storage.googleapis.com/rglistcdn/RG00000000185/RG00000000185- 10  Bath Room 2.jpg,https://storage.googleapis.com/rglistcdn/RG00000000185/RG00000000185- 11 Bath Room 2.jpg,https://storage.googleapis.com/rglistcdn/RG00000000185/RG00000000185- 12 Passage.jpg,https://storage.googleapis.com/rglistcdn/RG00000000185/RG00000000185- 13 Kitchen 1.jpg,https://storage.googleapis.com/rglistcdn/RG00000000185/RG00000000185- 14 Kitchen 1.jpg,https://storage.googleapis.com/rglistcdn/RG00000000185/RG00000000185- 15 Building Entrance.jpg,https://storage.googleapis.com/rglistcdn/RG00000000185/RG00000000185- 2 Drawing Room 1.jpg,https://storage.googleapis.com/rglistcdn/RG00000000185/RG00000000185- 3 Drawing Room 1.jpg,https://storage.googleapis.com/rglistcdn/RG00000000185/RG00000000185- 4 Bed Room 1.jpg,https://storage.googleapis.com/rglistcdn/RG00000000185/RG00000000185- 5 Bed Room 1.jpg,https://storage.googleapis.com/rglistcdn/RG00000000185/RG00000000185- 6 Bed Room 2.jpg,https://storage.googleapis.com/rglistcdn/RG00000000185/RG00000000185- 7 Bed Room 2.jpg,https://storage.googleapis.com/rglistcdn/RG00000000185/RG00000000185- 9 Bath Room 1.jpg,,,,,,,,,,,,,,,,,pending,,3rd,^marble^,aceac583-77de-1acc-7998-56584b4ce77b,,11.0,^^,"^bank_lease^,^company_lease^",Safadrjung Enclave,28.563797,77.194262,6.0,1000.0,,RG-0000000185,1.0,2.0,0,monthly,110029,1800.0,2016-02-1,no,,,"Semi Furnished,2BHK,700 Sq.Ft,Third Floor, Builder Flat Available for Rent in Safdarjung Enclave",builder_floor,0,,,,"1) Semi furnished property 

2) Can be fully furnished as per requirement 
at extra cost",28000.0,28000,,0,0,,approved,Any,,3,2bhk,sqft,sqft,,5_10,listings
0.0,eb63982d-7959-f51e-7350-569c8befc25a,propertydata,1.0,No,1.0,,0.0,0,,0.0,Red Girraffe,1.0,0.0,2016-01-18 06:53:20,2016-01-22 11:09:41,0,,0.0,0.0,0.0,1.0,1.0,1.0,0.0,32fb4469-a2d8-2f52-9ae8-569c8b2e2ddf,0.0,,0,1.0,1.0,1.0,Red Girraffe,0,RG-0000000875,,,,,,,,,,,,1.0,^open^,0,0.0,1.0,,1.0,24,0.0,0.0,5.0,0.0,0.0,0.0,0.0,0.0,0.0,1.0,5.0,0.0,0.0,1.0,0.0,0.0,0.0,0.0,0.0,0.0,0.0,0.0,0.0,pending,,2016-01-13,24 Hours (Between 09:00 to 19:00),pending,New Delhi,pending,2200.0,,INR,Yes,2016-01-18 06:53:19,2016-03-04 12:32:54,0.0,"A third  floor, 3 bedroom builder flat with lift,4 bathrooms and 3 balconies is available for rent in Defence Colony. This property includes ACs,cupboards,gas stove,geysers,piped gas,24H security, power backup and ample parking .It comes with a servants room with attached bathroom.",,Red Girraffe,2016-01-18 06:53:20,2016-01-29 07:39:24,0,,,,,,,,,,,,17fad46b-0184-2997-cf84-569c8b0534ff,Red Girraffe,RG-0000000875,https://storage.googleapis.com/rglistcdn/13Jan 2016/RG-0000000813A/RG-0000000813A- 1 Drawing Room.jpg,https://storage.googleapis.com/rglistcdn/13Jan 2016/RG-0000000813A/RG-0000000813A- 10 Bathroom-2.jpg,https://storage.googleapis.com/rglistcdn/13Jan 2016/RG-0000000813A/RG-0000000813A- 11 Bedroom-3.jpg,https://storage.googleapis.com/rglistcdn/13Jan 2016/RG-0000000813A/RG-0000000813A- 12 Bedroom-3.jpg,https://storage.googleapis.com/rglistcdn/13Jan 2016/RG-0000000813A/RG-0000000813A- 13 Bathroom-3.jpg,https://storage.googleapis.com/rglistcdn/13Jan 2016/RG-0000000813A/RG-0000000813A- 14 Bedroom-3.jpg,https://storage.googleapis.com/rglistcdn/13Jan 2016/RG-0000000813A/RG-0000000813A- 15 Bathroom-3.jpg,https://storage.googleapis.com/rglistcdn/13Jan 2016/RG-0000000813A/RG-0000000813A- 16 Balcony.jpg,https://storage.googleapis.com/rglistcdn/13Jan 2016/RG-0000000813A/RG-0000000813A- 2 Drawing Room.jpg,https://storage.googleapis.com/rglistcdn/13Jan 2016/RG-0000000813A/RG-0000000813A- 3 Kitchen.jpg,https://storage.googleapis.com/rglistcdn/13Jan 2016/RG-0000000813A/RG-0000000813A- 4 Bedroom-1.jpg,https://storage.googleapis.com/rglistcdn/13Jan 2016/RG-0000000813A/RG-0000000813A- 5 Bedroom-1.jpg,https://storage.googleapis.com/rglistcdn/13Jan 2016/RG-0000000813A/RG-0000000813A- 6 Bedroom-1.jpg,https://storage.googleapis.com/rglistcdn/13Jan 2016/RG-0000000813A/RG-0000000813A- 7 Bathroom-1.jpg,https://storage.googleapis.com/rglistcdn/13Jan 2016/RG-0000000813A/RG-0000000813A- 8 Bedroom-2.jpg,https://storage.googleapis.com/rglistcdn/13Jan 2016/RG-0000000813A/RG-0000000813A- 9 Bedroom-2.jpg,,,,,,,,,,,,,,,pending,,3rd,marble,eb63982d-7959-f51e-7350-569c8befc25a,,24.0,,any,Defence Colony,28.567934,77.227191,12.0,15000.0,,RG-0000000875,3.0,4.0,0,monthly,110024,2925.0,,No,,,"Recently Constructed 3BHK, 2200 Sq.Ft, Third Floor Builder Flat with Lift Available for Rent in Defence Colony.",builder_floor,0,,LISTING_WHEN_LOGGEDIN,,1) Three Bedrooms Attach Bathrooms 2) Unfurnished Floor with 5 Acs 3) With Power Backup,165000.0,495000,,1,1,,approved,Any,,3,3bhk,sqft,sqft,0.0,2_5,listings
0.0,87f14bd6-623a-a30b-9afe-56972f238590,propertydata,1.0,No,1.0,,0.0,0,,0.0,Red Girraffe,1.0,0.0,2016-01-14 05:17:37,2016-01-18 09:58:31,0,,0.0,0.0,0.0,1.0,0.0,1.0,0.0,bc78765a-ebf2-6f6d-f97c-56972fd8f6d1,1.0,,0,0.0,0.0,0.0,Red Girraffe,0,RG-0000000828,,,,,,,,,,,,1.0,^reserved^,0,0.0,0.0,,0.0,0,0.0,0.0,6.0,0.0,0.0,0.0,0.0,0.0,0.0,0.0,5.0,1.0,0.0,0.0,0.0,0.0,0.0,1.0,0.0,0.0,0.0,1.0,0.0,pending,,2016-01-13,24 Hours (Between 09:00 to 19:00),pending,New Delhi,pending,2500.0,,INR,Yes,2016-01-14 05:17:37,2016-03-04 12:32:44,0.0,"A duplex (2nd 3rd floors) 4 bedroom builder flat with 4 bathrooms and 3 balconies is available for rent in Anand Niketan. This property includes ACs,inverter,cupboards,water purifier,geysers,piped gas and reserved parking .It comes with a servants room with attached bathroom.",,Red Girraffe,2016-01-14 05:17:37,2016-01-29 07:39:29,0,,,,,,,,,,,,a5014d38-a6c1-7135-1e67-56972f24b2c7,Red Girraffe,RG-0000000828,https://storage.googleapis.com/rglistcdn/13Jan 2016/RG-0000000828/RG-0000000828- 1 Drawing cum Dinning area 1.jpg,https://storage.googleapis.com/rglistcdn/13Jan 2016/RG-0000000828/RG-0000000828- 10 Bath Room 3.jpg,https://storage.googleapis.com/rglistcdn/13Jan 2016/RG-0000000828/RG-0000000828- 11 Bed Room 4.jpg,https://storage.googleapis.com/rglistcdn/13Jan 2016/RG-0000000828/RG-0000000828- 12 Bed Room 4.jpg,https://storage.googleapis.com/rglistcdn/13Jan 2016/RG-0000000828/RG-0000000828- 13 Bath Room 4.jpg,https://storage.googleapis.com/rglistcdn/13Jan 2016/RG-0000000828/RG-0000000828- 14 Bath Room 4.jpg,https://storage.googleapis.com/rglistcdn/13Jan 2016/RG-0000000828/RG-0000000828- 15 Balcony.jpg,https://storage.googleapis.com/rglistcdn/13Jan 2016/RG-0000000828/RG-0000000828- 16 Kitchen 1.jpg,https://storage.googleapis.com/rglistcdn/13Jan 2016/RG-0000000828/RG-0000000828- 17 Kitchen 1.jpg,https://storage.googleapis.com/rglistcdn/13Jan 2016/RG-0000000828/RG-0000000828- 18 Kitchen 1.jpg,https://storage.googleapis.com/rglistcdn/13Jan 2016/RG-0000000828/RG-0000000828- 2 Drawing cum Dinning area 1.jpg,https://storage.googleapis.com/rglistcdn/13Jan 2016/RG-0000000828/RG-0000000828- 3 Drawing cum Dinning area 1.jpg,https://storage.googleapis.com/rglistcdn/13Jan 2016/RG-0000000828/RG-0000000828- 4 Bed Room 1.jpg,https://storage.googleapis.com/rglistcdn/13Jan 2016/RG-0000000828/RG-0000000828- 5 Bath Room 1.jpg,https://storage.googleapis.com/rglistcdn/13Jan 2016/RG-0000000828/RG-0000000828- 6 Bed Room 2.jpg,https://storage.googleapis.com/rglistcdn/13Jan 2016/RG-0000000828/RG-0000000828- 7 Bath Room 2.jpg,https://storage.googleapis.com/rglistcdn/13Jan 2016/RG-0000000828/RG-0000000828- 8 Bed Room 3.jpg,https://storage.googleapis.com/rglistcdn/13Jan 2016/RG-0000000828/RG-0000000828- 9 Bed Room 3.jpg,,,,,,,,,,,,,pending,,Duplex,marble wooden,87f14bd6-623a-a30b-9afe-56972f238590,,24.0,,any,Anand Niketan,28.58076,77.163994,12.0,0.0,,RG-0000000828,3.0,4.0,0,,110021,1800.0,,No,,,"Well Maintained 4BHK,  2500 Sq.Ft, Duplex Builder Flat , Available for Rent in Anand Niketan.",builder_floor,0,,LISTING_WITH_SIGNUP,,1) Four Bedrooms Attach Four Bathrooms 2) Duplex ( 2nd 3rd) Unfurnished Floor 3) With 6 ACs Installed,100000.0,300000,,1,1,,approved,Any,,3,4bhk,sqft,sqft,0.0,5_10,listings
0.0,88e66573-283b-6ca7-8706-5698ec7e0ca0,propertydata,1.0,No,1.0,,0.0,0,,0.0,Red Girraffe,1.0,0.0,2016-01-15 12:56:45,2016-01-22 12:10:27,0,,0.0,0.0,0.0,1.0,1.0,1.0,0.0,e0575d31-4eb0-b2b7-3d0b-5698ec8a9bc4,0.0,,0,1.0,1.0,1.0,Red Girraffe,0,RG-0000000849,,,,,,,,,,,,1.0,^reserved^,0,0.0,0.0,,1.0,24,0.0,0.0,4.0,0.0,0.0,0.0,0.0,0.0,0.0,1.0,4.0,0.0,0.0,1.0,0.0,0.0,0.0,0.0,0.0,0.0,0.0,0.0,0.0,pending,,2016-01-15,24 Hours (Between 09:00 to 19:00),pending,New Delhi,pending,1400.0,,INR,Yes,2016-01-15 12:56:45,2016-03-04 12:32:44,0.0,"A ground floor, 3 bedroom builder flat with lift, 3 bathrooms and 1 balcony is available for rent in Defence Colony. This unfurnished property includes ACs, gas stove, cupboards, geysers, microwave, piped gas, 24H security and reserved parking. It comes with a servants room with attached bathroom.",,Red Girraffe,2016-01-15 12:56:45,2016-01-29 07:39:40,0,,,,,,,,,,,,b5f4054e-fbd1-0e5f-3f17-5698ece6c553,Red Girraffe,RG-0000000849,https://storage.googleapis.com/rglistcdn/16Jan2016/RG-0000000849/RG-0000000849 -1 Drawing room.jpg,https://storage.googleapis.com/rglistcdn/16Jan2016/RG-0000000849/RG-0000000849 -10 Bed room -2.jpg,https://storage.googleapis.com/rglistcdn/16Jan2016/RG-0000000849/RG-0000000849 -11 Bed room -2.jpg,https://storage.googleapis.com/rglistcdn/16Jan2016/RG-0000000849/RG-0000000849 -12 Bath room -2.jpg,https://storage.googleapis.com/rglistcdn/16Jan2016/RG-0000000849/RG-0000000849 -13 Bed room -3.jpg,https://storage.googleapis.com/rglistcdn/16Jan2016/RG-0000000849/RG-0000000849 -14 Bed room -3.jpg,https://storage.googleapis.com/rglistcdn/16Jan2016/RG-0000000849/RG-0000000849 -15 Bath room -3.jpg,https://storage.googleapis.com/rglistcdn/16Jan2016/RG-0000000849/RG-0000000849 -16 Balcony.jpg,https://storage.googleapis.com/rglistcdn/16Jan2016/RG-0000000849/RG-0000000849 -2 Drawing room.jpg,https://storage.googleapis.com/rglistcdn/16Jan2016/RG-0000000849/RG-0000000849 -3 Bed room -1.jpg,https://storage.googleapis.com/rglistcdn/16Jan2016/RG-0000000849/RG-0000000849 -4 Bed room -1.jpg,https://storage.googleapis.com/rglistcdn/16Jan2016/RG-0000000849/RG-0000000849 -5 Bath room -1.jpg,https://storage.googleapis.com/rglistcdn/16Jan2016/RG-0000000849/RG-0000000849 -6 Kitchen.jpg,https://storage.googleapis.com/rglistcdn/16Jan2016/RG-0000000849/RG-0000000849 -7 Lobby.jpg,https://storage.googleapis.com/rglistcdn/16Jan2016/RG-0000000849/RG-0000000849 -8 Lobby.jpg,https://storage.googleapis.com/rglistcdn/16Jan2016/RG-0000000849/RG-0000000849 -9 Passage.jpg,,,,,,,,,,,,,,,pending,,Ground,marble wooden,88e66573-283b-6ca7-8706-5698ec7e0ca0,,36.0,,any,Defence colony,28.575179,77.230788,12.0,8000.0,,RG-0000000849,1.0,3.0,0,monthly,110024,1800.0,,No,,,"Well Maintained 3BHK, 1400 Sq.Ft, Ground Floor, Builder Flat with Lift Available for Rent in Defence Colony.",builder_floor,0,,LISTING_WITH_SIGNUP,,1) Three bed rooms attach bathrooms 2) Unfurnished property with 4 Acs 3) Without Power backup 4) Reserved parking at open space,110000.0,330000,,1,1,,approved,Any,,3,3bhk,sqft,sqft,0.0,5_10,listings
